"","gene","term","estimate","statistic","p.value","lod","fdr"
"1","200771_at","sensitive",1.59235470352767,20.1036373226143,4.26364286718594e-08,8.22855125970454,0.00233114673763392
"2","218007_s_at","sensitive",0.846631179894591,14.4069492635514,5.63923713789359e-07,6.47779219772013,0.00389125458011258
"3","212871_at","sensitive",-0.806763209930916,-14.3746020212908,5.73743117466727e-07,6.46463540057809,0.00389125458011258
"4","202016_at","sensitive",-0.939313055056134,-14.1632226423203,6.4283576753823e-07,6.3775247315682,0.00389125458011258
"5","222476_at","sensitive",-1.12323487426772,-14.1219521528085,6.57387988562501e-07,6.36028430064416,0.00389125458011258
"6","206457_s_at","sensitive",0.791108938892739,14.0652773443001,6.77977623252382e-07,6.33648328911439,0.00389125458011258
"7","209092_s_at","sensitive",-0.889211227760126,-14.0576645188433,6.807980083081e-07,6.33327510530053,0.00389125458011258
"8","225297_at","sensitive",-0.762880141660941,-13.9005759117778,7.42036285791149e-07,6.26648139154928,0.00389125458011258
"9","220526_s_at","sensitive",-0.836210117796699,-13.85136767136,7.62471723904422e-07,6.24532298585423,0.00389125458011258
"10","224779_s_at","sensitive",-0.743819465208021,-13.8230018059765,7.74537931843857e-07,6.23307480758749,0.00389125458011258
"11","226529_at","sensitive",0.918432815980036,13.8036858862428,7.82877007430058e-07,6.2247126771498,0.00389125458011258
"12","209900_s_at","sensitive",0.978377435894464,13.4404435002635,9.60056677187351e-07,6.06413195657355,0.00407742862926208
"13","217957_at","sensitive",-0.795611448472814,-13.4232684672766,9.69484630643019e-07,6.05637997551845,0.00407742862926208
"14","224800_at","sensitive",1.3400131419306,12.98012976533,1.25260095159961e-06,5.85120603689761,0.00435392727103236
"15","227197_at","sensitive",1.10778427973967,12.9000098087166,1.31311672943038e-06,5.81302292210935,0.00435392727103236
"16","226041_at","sensitive",1.00790565416533,12.7740951868146,1.41495683811805e-06,5.75232213012111,0.00435392727103236
"17","212459_x_at","sensitive",1.05905515635326,12.6723506586874,1.50373355838293e-06,5.7026455645762,0.00435392727103236
"18","226789_at","sensitive",0.877458333690182,12.6313636691018,1.5412462103346e-06,5.68247324949677,0.00435392727103236
"19","215772_x_at","sensitive",0.956374520138457,12.6212655254318,1.55064857435193e-06,5.67748905527198,0.00435392727103236
"20","213027_at","sensitive",1.04006587875751,12.5581653102128,1.61087692109918e-06,5.6462160584486,0.00435392727103236
"21","214157_at","sensitive",-0.878443451554345,-12.496488375847,1.67229030986154e-06,5.61543335618748,0.00435392727103236
"22","212327_at","sensitive",-0.825261150240215,-12.4124036885064,1.76028454055218e-06,5.57312114441291,0.00437470714794048
"23","212687_at","sensitive",1.11788675834054,12.3076608435754,1.87723647084447e-06,5.51984883374495,0.00446251756710527
"24","212120_at","sensitive",1.13561442793291,12.1888281685619,2.02058144042754e-06,5.45864087696088,0.00451398625984651
"25","214429_at","sensitive",1.1396894852517,12.0880656344477,2.15177504374134e-06,5.40608972773474,0.00451398625984651
"26","213295_at","sensitive",0.830086609058532,12.0811715539448,2.16109401140179e-06,5.40247216724143,0.00451398625984651
"27","230069_at","sensitive",0.912958039160001,12.0318273282355,2.22912901720815e-06,5.37649647193785,0.00451398625984651
"28","226158_at","sensitive",1.03830556005164,11.8741757080194,2.46309865435188e-06,5.29251881528945,0.00480963996166746
"29","217681_at","sensitive",-0.944815622775497,-11.7278903224298,2.70502547598432e-06,5.21322833178219,0.00509990578963595
"30","238469_at","sensitive",-0.997475692620605,-11.6053496330863,2.92826442614102e-06,5.14577430596072,0.00527833637049664
"31","214835_s_at","sensitive",1.04891418658592,11.5718927062866,2.99274673041419e-06,5.12719137339622,0.00527833637049664
"32","224782_at","sensitive",-0.649446380113796,-11.5145255254984,3.10704451327361e-06,5.09516043370775,0.00530867683635107
"33","212325_at","sensitive",-0.82489861743199,-11.3268224905735,3.51658081945757e-06,4.98885722789221,0.00550455464436185
"34","208848_at","sensitive",0.639863499388191,11.2600648507237,3.67652886243994e-06,4.9504878844713,0.00550455464436185
"35","200821_at","sensitive",1.87659591175007,11.2242655178771,3.76564453341267e-06,4.92978883630931,0.00550455464436185
"36","218197_s_at","sensitive",-0.997831900984542,-11.2084600490605,3.80575626594659e-06,4.92062264998047,0.00550455464436185
"37","225846_at","sensitive",0.705437225473217,11.1483748611196,3.96266545208338e-06,4.88562230302647,0.00550455464436185
"38","222834_s_at","sensitive",0.742540120554274,11.1112882115167,4.06312186113133e-06,4.86389596259608,0.00550455464436185
"39","200613_at","sensitive",-0.957012566204466,-11.1064673470577,4.07638808985544e-06,4.86106484765307,0.00550455464436185
"40","218563_at","sensitive",-0.861530086417974,-11.0740371933142,4.16690018942914e-06,4.84197826294108,0.00550455464436185
"41","217492_s_at","sensitive",-0.697892770985488,-11.0414624820665,4.26008507245049e-06,4.82273350894451,0.00550455464436185
"42","214263_x_at","sensitive",-0.591188329604704,-10.9830768892302,4.43299768471062e-06,4.78805557773911,0.00550455464436185
"43","215034_s_at","sensitive",-0.645622487147056,-10.9715756645439,4.46797697248413e-06,4.78119641297851,0.00550455464436185
"44","203303_at","sensitive",0.677283355981627,10.9256327425659,4.61081849004487e-06,4.75370409616857,0.00550455464436185
"45","223641_at","sensitive",0.791927377290066,10.9006784880636,4.69053983382237e-06,4.73870909280913,0.00550455464436185
"46","222487_s_at","sensitive",0.811393488859189,10.8879325921305,4.73185310077745e-06,4.73103308761072,0.00550455464436185
"47","203208_s_at","sensitive",-0.704372788698297,-10.7736907485575,5.12087241479161e-06,4.66171574724971,0.00576971899960531
"48","226180_at","sensitive",-0.726565448530365,-10.7351204251206,5.26018964770738e-06,4.63810104825942,0.00576971899960531
"49","212328_at","sensitive",-0.72051672396161,-10.7268131100689,5.29074760425625e-06,4.63300078726997,0.00576971899960531
"50","217970_s_at","sensitive",-0.913699671987237,-10.7023466907262,5.3819052396867e-06,4.61795053222108,0.00576971899960531
"51","202679_at","sensitive",-0.598027902017212,-10.6556151933627,5.56094097541177e-06,4.58908276374657,0.00584700861212766
"52","228785_at","sensitive",-0.797185319701593,-10.576730099601,5.8784733633522e-06,4.53998832816099,0.00587961162812799
"53","224702_at","sensitive",0.715351783218995,10.5747588340488,5.88666371312214e-06,4.53875560862168,0.00587961162812799
"54","226965_at","sensitive",-0.675983156008271,-10.5607221877603,5.94535434636121e-06,4.52996952363734,0.00587961162812799
"55","217947_at","sensitive",0.731280563658041,10.5425996769307,6.02209878692579e-06,4.51860424448198,0.00587961162812799
"56","225036_at","sensitive",-0.589652297465382,-10.4837137163094,6.27921607237731e-06,4.48150519707915,0.005889860972962
"57","225912_at","sensitive",0.903319074542272,10.4692967451487,6.3440206117836e-06,4.4723825973211,0.005889860972962
"58","217964_at","sensitive",1.02490131737663,10.4667002152693,6.35577132884788e-06,4.47073793069347,0.005889860972962
"59","225430_at","sensitive",-0.705454875533992,-10.4414398630416,6.47136666253113e-06,4.45471120263067,0.00589484976201511
"60","212043_at","sensitive",0.763469410071047,10.3952312569783,6.688956786211e-06,4.42526839831364,0.00589484976201511
"61","228817_at","sensitive",0.751717298997866,10.3828158440005,6.74880454685576e-06,4.41732994185766,0.00589484976201511
"62","210946_at","sensitive",0.617151916779177,10.3738451958625,6.79241947886514e-06,4.4115867512522,0.00589484976201511
"63","218807_at","sensitive",-0.700981509156398,-10.3323283904786,6.9984183878727e-06,4.38492653493954,0.00592158112265157
"64","201707_at","sensitive",0.658862973121855,10.28852528253,7.22336334719201e-06,4.35665428467528,0.00592158112265157
"65","227029_at","sensitive",1.07234259429278,10.2870915095648,7.23086165161145e-06,4.35572636352525,0.00592158112265157
"66","202236_s_at","sensitive",0.883399384560894,10.2627297540993,7.35960691017638e-06,4.3399353388968,0.00592158112265157
"67","224695_at","sensitive",-0.637610150339688,-10.2018822550081,7.69250586803841e-06,4.30029263616752,0.00592158112265157
"68","203706_s_at","sensitive",-0.725261938393911,-10.1999140299349,7.70355154824412e-06,4.29900548136745,0.00592158112265157
"69","225934_at","sensitive",-0.633219885356734,-10.1896032241898,7.76170617240146e-06,4.29225757933416,0.00592158112265157
"70","224777_s_at","sensitive",0.726779360353004,10.1832177975726,7.79796691048766e-06,4.2880744487931,0.00592158112265157
"71","223249_at","sensitive",1.07630224699946,10.1583065970451,7.94125019674346e-06,4.27172426295476,0.00594394206844047
"72","212298_at","sensitive",0.604106528185869,10.1294536303106,8.11089458054551e-06,4.25272565232253,0.00594394206844047
"73","224826_at","sensitive",-0.69205437044023,-10.1222974679169,8.15359419170476e-06,4.24800337200489,0.00594394206844047
"74","205016_at","sensitive",-0.797964371583182,-10.1042714723199,8.26226972476407e-06,4.23609015893842,0.00594394206844047
"75","226696_at","sensitive",-0.644583832555384,-10.0202211295557,8.79082808823675e-06,4.18019927852372,0.00614849934151413
"76","212640_at","sensitive",-0.610653763453571,-9.99574443930686,8.95177659754497e-06,4.16381623019792,0.00614849934151413
"77","1556285_s_at","sensitive",-0.900304727213523,-9.9848492328606,9.0244755082577e-06,4.15650812485294,0.00614849934151413
"78","227747_at","sensitive",0.986286982179731,9.98404105971478,9.02989430961579e-06,4.1559656486562,0.00614849934151413
"79","228061_at","sensitive",-0.683786031618116,-9.96929126581868,9.12943294001275e-06,4.14605572169511,0.00614849934151413
"80","201553_s_at","sensitive",0.834046353919992,9.95163109344237,9.25022794565934e-06,4.1341671402939,0.00614849934151413
"81","209154_at","sensitive",0.756395193522188,9.9395631744274,9.33379872602968e-06,4.12602857289435,0.00614849934151413
"82","201687_s_at","sensitive",-0.683475069744509,-9.7864928858713,1.04703690931636e-05,4.02175934815031,0.00658981529170581
"83","212812_at","sensitive",0.847764771351188,9.78047171304368,1.05181352599438e-05,4.01761809764003,0.00658981529170581
"84","219507_at","sensitive",-0.586492084629979,-9.77466625584514,1.05644206681741e-05,4.01362234204093,0.00658981529170581
"85","218611_at","sensitive",-0.862013256676907,-9.76582205944663,1.06353709677571e-05,4.00752967379094,0.00658981529170581
"86","225914_s_at","sensitive",-0.605281967207004,-9.75450879690584,1.07269055502847e-05,3.99972653760175,0.00658981529170581
"87","238542_at","sensitive",-0.669338001305934,-9.7220927296253,1.09940895369493e-05,3.97730853411674,0.00666725523206351
"88","222589_at","sensitive",-0.652472531439429,-9.70985895025911,1.10968491288117e-05,3.96882499623869,0.00666725523206351
"89","230030_at","sensitive",-0.703659888001861,-9.66771947399493,1.14591017504564e-05,3.93950633728393,0.00681006943702394
"90","222991_s_at","sensitive",-0.648847028702727,-9.5938904876177,1.21260472259727e-05,3.88777495920677,0.00694094494613061
"91","201841_s_at","sensitive",0.735571040762864,9.57349553402399,1.2317848420731e-05,3.87340196892298,0.00694094494613061
"92","201951_at","sensitive",0.640613759039106,9.55541355460389,1.24907329437667e-05,3.86062900169689,0.00694094494613061
"93","225726_s_at","sensitive",0.649332935859536,9.52918845244662,1.27463082994781e-05,3.84205352088099,0.00694094494613061
"94","218319_at","sensitive",-0.71700553278097,-9.52170544171278,1.2820300114478e-05,3.83674229310752,0.00694094494613061
"95","1556794_at","sensitive",0.630855259019034,9.49268778383304,1.31117943823347e-05,3.81610029238624,0.00694094494613061
"96","202069_s_at","sensitive",-0.63549151918778,-9.48062948647665,1.32350945178573e-05,3.80750089381981,0.00694094494613061
"97","1567458_s_at","sensitive",0.777264418864755,9.47991564268898,1.32424342798353e-05,3.80699141611913,0.00694094494613061
"98","201653_at","sensitive",-0.647886396044674,-9.46737216308847,1.33721508036682e-05,3.79803172551699,0.00694094494613061
"99","226533_at","sensitive",0.98510986803968,9.46254858391202,1.34224101472309e-05,3.79458261746496,0.00694094494613061
"100","225256_at","sensitive",0.846734437504356,9.44418025423609,1.36157383955077e-05,3.78142961524136,0.00694094494613061
"101","1555906_s_at","sensitive",-0.648170981929564,-9.43528205550753,1.37105085355666e-05,3.77504721886698,0.00694094494613061
"102","1552767_a_at","sensitive",-0.848271975493952,-9.40424034045286,1.40469271572331e-05,3.7527273100705,0.00702584392010766
"103","225363_at","sensitive",-0.907155388373546,-9.37900030813106,1.4327266044605e-05,3.73451613631918,0.00704567824273246
"104","1558956_s_at","sensitive",-0.794866221267739,-9.36963688246597,1.44328479777967e-05,3.72774586083692,0.00704567824273246
"105","212322_at","sensitive",0.610499386096126,9.34419961885102,1.47240881084971e-05,3.70931389684762,0.00712424351621311
"106","224735_at","sensitive",0.648671598631389,9.29035636441439,1.53624407155751e-05,3.67010790294548,0.00734942549503951
"107","201633_s_at","sensitive",0.666604744533224,9.27026882878956,1.56084546624036e-05,3.65541439976347,0.00734942549503951
"108","1556195_a_at","sensitive",-0.598332101262801,-9.26070180195898,1.57271656683973e-05,3.64840356517483,0.00734942549503951
"109","212321_at","sensitive",0.670158766168475,9.23683039077808,1.60277870631055e-05,3.63087417259467,0.00736402737542263
"110","208002_s_at","sensitive",-0.593782492712822,-9.21641031424956,1.62900372506952e-05,3.61583813474177,0.00742214822234798
"111","223047_at","sensitive",0.866257422280555,9.16522397700803,1.69687030405426e-05,3.57798062796527,0.00747845377766738
"112","212846_at","sensitive",-0.585348766229774,-9.16244910577831,1.70063854766242e-05,3.57592147335866,0.00747845377766738
"113","204976_s_at","sensitive",-0.756983815140815,-9.16159069922849,1.70180614364763e-05,3.57528433060328,0.00747845377766738
"114","202381_at","sensitive",0.611069773244088,9.15576661096531,1.70975166384714e-05,3.57095967803363,0.00747845377766738
"115","212419_at","sensitive",0.653781093175684,9.12681284303317,1.74987106991501e-05,3.54941384513136,0.00758551321836203
"116","205882_x_at","sensitive",-0.660829598224783,-9.1157032890895,1.76554271907244e-05,3.54112618659912,0.00758551321836203
"117","235125_x_at","sensitive",0.675379182315558,9.08463954129929,1.81019981337867e-05,3.51789218341506,0.00758551321836203
"118","209386_at","sensitive",-0.763088306351585,-9.06998424799216,1.83170443147608e-05,3.50689971306341,0.00758551321836203
"119","242134_at","sensitive",0.710791220505448,9.06964431902685,1.83220659964906e-05,3.50664450595596,0.00758551321836203
"120","222045_s_at","sensitive",-0.591372237143522,-9.06576446065861,1.83794910273121e-05,3.50373087769635,0.00758551321836203
"121","201552_at","sensitive",0.925910728558787,9.06446417196843,1.83987812312121e-05,3.50275409580721,0.00758551321836203
"122","228456_s_at","sensitive",0.676193776033823,9.04009926128749,1.87644504041686e-05,3.48442190387605,0.00758551321836203
"123","212119_at","sensitive",0.711186298035156,9.0188894062822,1.9089374664731e-05,3.4684183708085,0.0076183325532421
"124","225173_at","sensitive",0.610345154023365,8.98862250487268,1.95639674289599e-05,3.44550784706299,0.00772098166721587
"125","212222_at","sensitive",-0.91869122412191,-8.95449131734237,2.01150018696343e-05,3.41956860470729,0.00772098166721587
"126","210256_s_at","sensitive",-0.595884822903295,-8.93844503972132,2.03800256549393e-05,3.40733552591951,0.00772098166721587
"127","212294_at","sensitive",0.766605777578341,8.93139970831591,2.04976158958087e-05,3.40195670441384,0.00772098166721587
"128","201963_at","sensitive",0.699063876541474,8.92841233870648,2.05477048575588e-05,3.39967454509697,0.00772098166721587
"129","225662_at","sensitive",-0.655739220549487,-8.90851389249109,2.08848427419319e-05,3.38445171738277,0.00772098166721587
"130","225762_x_at","sensitive",0.726504328846819,8.90039034245894,2.10242484606657e-05,3.37822613268159,0.00772098166721587
"131","220741_s_at","sensitive",-0.832440441555101,-8.88586760037133,2.12760612245969e-05,3.36708072506222,0.00772098166721587
"132","212423_at","sensitive",0.598525042333316,8.88483997167848,2.12940064544549e-05,3.36629131162213,0.00772098166721587
"133","217744_s_at","sensitive",-0.815963193162485,-8.84510089151035,2.20010738499644e-05,3.33568641823287,0.00775440264985697
"134","1553167_a_at","sensitive",-0.633277134198689,-8.82057777361177,2.2450447596951e-05,3.31672414811964,0.00775440264985697
"135","201310_s_at","sensitive",-0.723005684957638,-8.81498640152477,2.25543330407365e-05,3.31239253480989,0.00775440264985697
"136","203355_s_at","sensitive",-0.724528031807481,-8.8052783127973,2.27359806237704e-05,3.30486452516434,0.00775440264985697
"137","204351_at","sensitive",0.991594581950111,8.80006598176611,2.28341806424686e-05,3.30081892162535,0.00775440264985697
"138","225344_at","sensitive",-0.652363387115361,-8.78051662842893,2.3206723388386e-05,3.28562198532466,0.00781975104432648
"139","226793_at","sensitive",0.660803677194693,8.76515940165951,2.35041317439421e-05,3.27365776555327,0.00781975104432648
"140","235013_at","sensitive",0.626087498983379,8.75250062963118,2.37524772762619e-05,3.26377850753563,0.00781975104432648
"141","214347_s_at","sensitive",-1.16289224050227,-8.74780933018811,2.38452548851232e-05,3.26011330983982,0.00781975104432648
"142","212449_s_at","sensitive",-0.785636307223659,-8.73080405207965,2.41849611807364e-05,3.24680944195769,0.00781975104432648
"143","226742_at","sensitive",0.673808243989511,8.72597092510837,2.42824919741042e-05,3.24302313190275,0.00781975104432648
"144","238787_at","sensitive",-0.597457406839263,-8.70931543405473,2.46219667517388e-05,3.22995751131837,0.00781975104432648
"145","214318_s_at","sensitive",-0.673129916383669,-8.70176659618306,2.47775673347144e-05,3.22402673904081,0.00781975104432648
"146","224883_at","sensitive",0.653968699709302,8.65873328568095,2.56857914458738e-05,3.19011003471647,0.00793429744239067
"147","214711_at","sensitive",-0.614183651760267,-8.62978969616024,2.63174993297483e-05,3.16719491200539,0.00802731571854645
"148","214264_s_at","sensitive",0.83918562492402,8.59748133042211,2.70431705978587e-05,3.14151725324668,0.00806534864851807
"149","229994_at","sensitive",0.906667474260132,8.59407203433845,2.71210373925583e-05,3.13880156698391,0.00806534864851807
"150","226135_at","sensitive",0.735215416318135,8.58830111726293,2.72534124201304e-05,3.13420206998048,0.00806534864851807
"151","212440_at","sensitive",-0.626905689735015,-8.58037052690053,2.74365024238297e-05,3.12787583747132,0.00806534864851807
"152","202224_at","sensitive",-0.610606253896849,-8.559610785564,2.79222950677986e-05,3.11128587872575,0.00807078732702216
"153","207622_s_at","sensitive",-0.635880289682534,-8.55388999524146,2.80578442126559e-05,3.10670653981571,0.00807078732702216
"154","204082_at","sensitive",-0.607962149935825,-8.53808606121796,2.84361294927685e-05,3.09403876447812,0.00807078732702216
"155","201565_s_at","sensitive",-0.858179972649163,-8.53587632440325,2.84894733262968e-05,3.0922655221375,0.00807078732702216
"156","207802_at","sensitive",-1.32016770739055,-8.50045446878341,2.93599635163274e-05,3.06377315694577,0.0080970856551194
"157","210793_s_at","sensitive",0.660579621292469,8.50017613369678,2.93669198580865e-05,3.06354876793059,0.0080970856551194
"158","223186_at","sensitive",0.708808898436807,8.49509534773218,2.94942254951078e-05,3.05945134088094,0.0080970856551194
"159","209481_at","sensitive",0.617290208579882,8.48470179714521,2.97565685184151e-05,3.05106122608509,0.0080970856551194
"160","1557918_s_at","sensitive",0.758136312355891,8.47319456994477,3.00500574858764e-05,3.0417592685736,0.0080970856551194
"161","204040_at","sensitive",0.596997818567352,8.47031199829726,3.01240807310342e-05,3.03942700382185,0.0080970856551194
"162","203397_s_at","sensitive",0.867479900854205,8.46859824423229,3.0168185467142e-05,3.03804001762925,0.0080970856551194
"163","1555905_a_at","sensitive",-0.766488604513955,-8.46692378477312,3.0211348397702e-05,3.03668454393801,0.0080970856551194
"164","208640_at","sensitive",0.677426087787913,8.42570566992624,3.12958262854143e-05,3.00322804211351,0.00829245067843014
"165","228131_at","sensitive",-0.657780440433713,-8.42200531296182,3.13952865191594e-05,3.00021595840973,0.00829245067843014
"166","221815_at","sensitive",0.729862389627053,8.38659342408041,3.23651146507403e-05,2.97131941127366,0.00844646375156511
"167","1558280_s_at","sensitive",-0.718695660376588,-8.36241286112179,3.30465060404492e-05,2.95151331063411,0.00848892831706768
"168","225159_s_at","sensitive",0.715405362641711,8.3304134267715,3.39729084776665e-05,2.92520951063935,0.00859939245840933
"169","223143_s_at","sensitive",-0.672363864914037,-8.3187641897862,3.43173101210683e-05,2.91560725326136,0.00864653885193276
"170","218865_at","sensitive",-0.586312905242953,-8.30705708119351,3.46673430463738e-05,2.90594300887648,0.00867444744530592
"171","1555731_a_at","sensitive",-0.77189494281604,-8.30446480909435,3.47453862006766e-05,2.90380114342516,0.00867444744530592
"172","226001_at","sensitive",-0.588642912712366,-8.29421858474858,3.50557798478419e-05,2.8953283082602,0.00871215801445799
"173","207177_at","sensitive",-0.657385700603829,-8.26978676062174,3.58084351195513e-05,2.87508061940665,0.00879742382392785
"174","228697_at","sensitive",0.891450368730207,8.21175666745151,3.76692812697793e-05,2.82673631924923,0.0090045672058589
"175","204053_x_at","sensitive",-0.660546504623198,-8.21038339858422,3.77146024717273e-05,2.82558794293357,0.0090045672058589
"176","201411_s_at","sensitive",0.784691958648843,8.15511918595574,3.95898066834114e-05,2.77920733270541,0.0092717646228222
"177","222392_x_at","sensitive",-0.699249882626976,-8.15248838543769,3.96816263692802e-05,2.77699129092651,0.0092717646228222
"178","200783_s_at","sensitive",-0.599353358999145,-8.13069907996772,4.04512867680609e-05,2.7586086360192,0.0092887639398559
"179","201752_s_at","sensitive",-0.643586984160404,-8.10201606172071,4.14898957905112e-05,2.73433220206288,0.00941269731263983
"180","217620_s_at","sensitive",-0.612507360435975,-8.07632307744289,4.24454723777118e-05,2.712511007891,0.00942061345766272
"181","204393_s_at","sensitive",1.56408138725282,8.04010133790795,4.38344941082039e-05,2.68162603346149,0.0095866038614642
"182","233078_at","sensitive",-0.86746964243925,-8.02938727408291,4.42549897596671e-05,2.67246315795515,0.00961623894964195
"183","208235_x_at","sensitive",-0.644211018210218,-8.00787657990268,4.51128369045624e-05,2.65402892319031,0.00963428974103634
"184","222103_at","sensitive",-0.628846026267557,-8.00532773987349,4.52157045454964e-05,2.65184126193516,0.00963428974103634
"185","222774_s_at","sensitive",-0.6312409500338,-7.99492085094496,4.56384278542005e-05,2.64290167015319,0.00963428974103634
"186","201034_at","sensitive",-0.779272482165187,-7.98853923888211,4.5899819392291e-05,2.63741394008226,0.00965220240489811
"187","226098_at","sensitive",-0.629272680367816,-7.95189762421713,4.74332715786694e-05,2.60581801969028,0.00979682226828072
"188","244080_at","sensitive",0.646181970161362,7.9439830117526,4.77719293788515e-05,2.59897382405194,0.00979682226828072
"189","205964_at","sensitive",0.593074750835376,7.93519708070172,4.81510226657947e-05,2.59136803443362,0.00979682226828072
"190","228980_at","sensitive",0.717203199339153,7.92583749297192,4.85585520750631e-05,2.58325623461394,0.00979682226828072
"191","201410_at","sensitive",0.660331803859099,7.91796487531996,4.89043077782124e-05,2.57642564212669,0.00983030524916825
"192","239067_s_at","sensitive",-0.772425524580312,-7.89966836093476,4.97184917480359e-05,2.56052426058469,0.0098491251316082
"193","227506_at","sensitive",-0.669050632990674,-7.89383257388158,4.99813424158961e-05,2.55544457752401,0.00986545089021342
"194","217627_at","sensitive",-0.728175916429417,-7.87771557527233,5.07153322479237e-05,2.54139601775392,0.00991916922595989
"195","204974_at","sensitive",-0.659643039701682,-7.87472238424284,5.08529614857163e-05,2.53878377548314,0.00991916922595989
"196","219376_at","sensitive",-0.590797168560104,-7.85049049357251,5.19825765635141e-05,2.51759899902315,0.00994945097011463
"197","201574_at","sensitive",0.692899623856437,7.786806209493,5.50866465497964e-05,2.46160809827932,0.0102151033720271
"198","209684_at","sensitive",0.649946041041745,7.73160102189476,5.79447122637249e-05,2.41270027516435,0.0105253393455786
"199","213943_at","sensitive",-0.671986071193987,-7.71456134175035,5.88598806713064e-05,2.39753414785466,0.0106210032201441
"200","205195_at","sensitive",-0.595463760587961,-7.70119326110245,5.95891022649437e-05,2.38561263931109,0.0106820792338879
"201","201939_at","sensitive",-0.69905891485551,-7.68325581823071,6.05834017148152e-05,2.36958398565157,0.0107545373011608
"202","227306_at","sensitive",-0.648553369624573,-7.64222591010631,6.29277989057298e-05,2.33278081626042,0.0107697023199437
"203","1555097_a_at","sensitive",-0.907898748973131,-7.62812867689715,6.37564230687126e-05,2.32009088141102,0.0107697023199437
"204","224694_at","sensitive",-0.637254757524516,-7.62680015773284,6.38351352605966e-05,2.31889379711501,0.0107697023199437
"205","218647_s_at","sensitive",0.646993108525676,7.6230188606412,6.40597613450585e-05,2.31548547480951,0.0107697023199437
"206","235780_at","sensitive",-0.682661328056034,-7.62079369928423,6.41923562745398e-05,2.31347901993577,0.0107697023199437
"207","239765_at","sensitive",-0.763752877795907,-7.61311239060404,6.46524252761639e-05,2.30654826906138,0.0107697023199437
"208","225171_at","sensitive",0.793141356161354,7.61059295512144,6.48041227023078e-05,2.30427351880902,0.0107697023199437
"209","236327_at","sensitive",0.615418688929123,7.60914266622182,6.48916251588494e-05,2.30296374564533,0.0107697023199437
"210","222825_at","sensitive",0.771126227140273,7.60731111421991,6.50023185291529e-05,2.30130929940627,0.0107697023199437
"211","208996_s_at","sensitive",-0.774909911041672,-7.57851804039164,6.67703396327127e-05,2.27524903038396,0.0109604953215877
"212","212174_at","sensitive",0.653289021409348,7.57554776087449,6.69557464546919e-05,2.2725551566518,0.0109604953215877
"213","202225_at","sensitive",-0.760189247402607,-7.5607339010464,6.78890164794095e-05,2.25910441323684,0.0109903368509386
"214","241722_x_at","sensitive",0.631021656537843,7.53573140084335,6.94971181984498e-05,2.23634416002719,0.0111103945540943
"215","207098_s_at","sensitive",-0.607919154356594,-7.52097377088213,7.04661218866931e-05,2.22287549768688,0.0112237219347474
"216","231199_at","sensitive",0.610746377809473,7.44195562979793,7.5916604507044e-05,2.15032058845626,0.0116922263420356
"217","227628_at","sensitive",-0.640781251335225,-7.3579194490657,8.22322083122401e-05,2.07234017327869,0.0123761565891375
"218","224928_at","sensitive",0.587526820643656,7.32579108081115,8.4799104518471e-05,2.04230207541972,0.0124711388036877
"219","224206_x_at","sensitive",-0.726687323699602,-7.30143934036824,8.68039476288746e-05,2.01945118330789,0.0125080606687775
"220","212010_s_at","sensitive",0.710126784850522,7.29677441696014,8.71939759538424e-05,2.01506552871559,0.0125080606687775
"221","1555240_s_at","sensitive",0.826513147504828,7.29470196883039,8.73678742233489e-05,2.01311629780934,0.0125080606687775
"222","227947_at","sensitive",-0.646345909683896,-7.29025992252478,8.77419023517217e-05,2.0089365877207,0.0125080606687775
"223","202883_s_at","sensitive",0.707530985054001,7.28046578077727,8.85728797117615e-05,1.99971235121335,0.0125080606687775
"224","224959_at","sensitive",0.707896554655982,7.26931840232222,8.95293130596103e-05,1.98919935087415,0.0125080606687775
"225","203518_at","sensitive",-0.689465960177962,-7.23432739164078,9.26067277696333e-05,1.95610066070066,0.0126600944086107
"226","204014_at","sensitive",-0.897576133853733,-7.21768116853052,9.41117886645037e-05,1.94030181817846,0.0127365397159202
"227","218318_s_at","sensitive",-0.620684791788379,-7.20274254166421,9.54855838859579e-05,1.92609454074342,0.012827209579766
"228","204165_at","sensitive",0.625997747025472,7.18105393143598,9.75198842069709e-05,1.90541860773114,0.012948978315422
"229","239207_at","sensitive",0.645154147170905,7.17750262212898,9.78575396013421e-05,1.90202756043477,0.012948978315422
"230","218706_s_at","sensitive",-0.868791916002226,-7.17065802446722,9.85119818661625e-05,1.89548742661671,0.012948978315422
"231","214164_x_at","sensitive",0.602715283612455,7.15837148549687,9.96989642364149e-05,1.88373281690787,0.0129786687372047
"232","225365_at","sensitive",0.610348582035851,7.15424212064249,0.000100101449651632,1.87977801070013,0.0129873092075696
"233","201753_s_at","sensitive",-0.61786978017807,-7.13282684246441,0.000102217892200604,1.85923391875088,0.0130912723593043
"234","222787_s_at","sensitive",0.921021309308078,7.12973048332191,0.000102527986499359,1.85625878490777,0.0130912723593043
"235","208596_s_at","sensitive",0.900249671330867,7.1275216798326,0.000102749831287601,1.85413572587111,0.0130912723593043
"236","242320_at","sensitive",0.657831697349564,7.12545049542881,0.000102958337713779,1.8521443895025,0.0130912723593043
"237","212215_at","sensitive",0.628449107856195,7.12122610215801,0.000103385063839997,1.848081191369,0.013115031010329
"238","212115_at","sensitive",0.861768302057267,7.10621178568222,0.000104917678344793,1.83362171137351,0.0132786436655129
"239","207739_s_at","sensitive",-0.665988728940012,-7.09086218413307,0.000106510603712459,1.81881011108691,0.0133366358519115
"240","209735_at","sensitive",-0.744498498359337,-7.0805473771876,0.000107596094099222,1.80884020431645,0.0134310877736871
"241","202505_at","sensitive",0.743320994490035,7.06521229506456,0.00010923263988155,1.79399312486834,0.0135025148784439
"242","204276_at","sensitive",-0.632677607148615,-7.0489784943218,0.000110995223556888,1.77824359839836,0.0135507895608745
"243","203642_s_at","sensitive",0.610486412139705,7.04879916943656,0.000111014868969392,1.77806943704529,0.0135507895608745
"244","202626_s_at","sensitive",-0.598345838025446,-7.04411740606147,0.000111529132188267,1.77352104241512,0.0135507895608745
"245","237737_at","sensitive",-0.666057325623168,-7.02010055676607,0.000114209098348924,1.75014470751211,0.0136508955057769
"246","235030_at","sensitive",-0.673699703991616,-7.01601387412783,0.000114672186026795,1.74615972919906,0.0136508955057769
"247","1555733_s_at","sensitive",-0.64213044973823,-7.00993274051984,0.000115365134605225,1.74022600691386,0.0136508955057769
"248","207275_s_at","sensitive",0.622022729571791,7.00198697716707,0.000116277562048843,1.73246576759785,0.0136508955057769
"249","232751_at","sensitive",-0.604830419106717,-7.00078294936563,0.000116416519365129,1.73128915134754,0.0136508955057769
"250","232615_at","sensitive",0.78502332411186,6.98540881065801,0.000118207127063096,1.71624879032345,0.0137218145906046
"251","206055_s_at","sensitive",-0.594159803352294,-6.96988857989346,0.000120045759987475,1.70103491337401,0.0137617253078134
"252","218668_s_at","sensitive",0.74082414561814,6.968757911285,0.000120180940059715,1.69992535988306,0.0137617253078134
"253","201503_at","sensitive",0.832702874276477,6.96765600980284,0.000120312843111748,1.69884387894687,0.0137617253078134
"254","222402_at","sensitive",0.716406806500487,6.94132244309006,0.000123513320622092,1.67295205532519,0.0139526669525059
"255","206555_s_at","sensitive",-0.586671246132869,-6.93790338374794,0.000123935733873069,1.66958382542094,0.0139715180402269
"256","222121_at","sensitive",0.830792366692255,6.92206716182575,0.000125913233685705,1.65396343112854,0.0140783354841839
"257","211711_s_at","sensitive",-0.627624585355063,-6.91709063667469,0.00012654186107455,1.64904806402772,0.0141197474576551
"258","212136_at","sensitive",-0.677852740516487,-6.9018793395407,0.00012848498668571,1.63400390675553,0.0142413578741242
"259","227525_at","sensitive",-0.616972261038487,-6.89107549559673,0.00012988516618003,1.62330062839263,0.01430629396239
"260","238845_at","sensitive",0.617769912724569,6.86703039443337,0.000133062482377909,1.59942511963937,0.014492412796837
"261","225603_s_at","sensitive",0.983744202948573,6.85457920685049,0.000134741539708943,1.58703227817298,0.0145319014175887
"262","217989_at","sensitive",-0.7501143920324,-6.84454966332943,0.000136111104973085,1.5770350770404,0.0145886348514699
"263","228191_at","sensitive",0.612209726786773,6.81712628981375,0.000139935205682936,1.54963321725028,0.0148574738349104
"264","235061_at","sensitive",-0.598657959364707,-6.81315960424906,0.000140498130960889,1.54566151515376,0.0148574738349104
"265","206640_x_at","sensitive",-0.65792742202694,-6.80750957699404,0.000141304278990386,1.54000078932754,0.0148574738349104
"266","203460_s_at","sensitive",-0.605372526494188,-6.80460043939894,0.000141721352270767,1.53708451389749,0.0148574738349104
"267","207663_x_at","sensitive",-0.676466570228343,-6.80100774916243,0.000142238306407568,1.53348147935545,0.0148574738349104
"268","212978_at","sensitive",0.658554354105497,6.79976507568874,0.000142417601070435,1.53223483436039,0.0148574738349104
"269","205548_s_at","sensitive",-0.628719732435345,-6.78500218365928,0.000144566865432916,1.5174092713521,0.0149417643998955
"270","216841_s_at","sensitive",-0.848020747557518,-6.76638104141896,0.000147329214085799,1.49866826208542,0.0150564949161515
"271","244563_at","sensitive",-0.626369791416075,-6.7106170973332,0.000155957154673487,1.44227186992874,0.015327792526518
"272","203725_at","sensitive",-0.684315051108333,-6.70247514872841,0.000157263048420916,1.43400314209688,0.015327792526518
"273","212936_at","sensitive",-0.590366397917325,-6.68239251411454,0.000160536158520006,1.41357013781313,0.0154901086982152
"274","227740_at","sensitive",0.873605048566004,6.6715072878722,0.000162341708346885,1.40247256637117,0.0155993548398347
"275","211148_s_at","sensitive",-0.705192412683213,-6.66185424097812,0.000163961686332285,1.39261799042563,0.0156998339758629
"276","211373_s_at","sensitive",-0.621029905266399,-6.64512019227318,0.000166812551038605,1.37550508493637,0.0158893314077278
"277","226147_s_at","sensitive",0.885837549478934,6.6170732032571,0.000171714523091726,1.34673900938697,0.0161591937177971
"278","212122_at","sensitive",1.14573303830653,6.60536190846752,0.000173808374948473,1.334696192492,0.0162166773042795
"279","219263_at","sensitive",-0.632581675131015,-6.56932982437334,0.00018042968551441,1.29752822317394,0.0164628336641694
"280","225971_at","sensitive",-0.69093781354352,-6.55146434746779,0.00018381574545856,1.2790344888982,0.0165843661434765
"281","209387_s_at","sensitive",-0.727641214008311,-6.52618160451738,0.000188728310750888,1.25278868075685,0.0168316040549792
"282","207198_s_at","sensitive",0.734293122901765,6.52373464884548,0.000189211419048487,1.25024390574553,0.0168316040549792
"283","209771_x_at","sensitive",-0.756396969022631,-6.50963108127863,0.000192022710968653,1.23556064514051,0.0169063473787619
"284","201151_s_at","sensitive",0.620939262184854,6.50241538647842,0.000193478863250994,1.22803788365946,0.0169526552055258
"285","1559462_at","sensitive",-0.611250849774658,-6.49587864583905,0.000194808544496358,1.22121683593335,0.0170146280676332
"286","231711_at","sensitive",1.17823445283621,6.46188180248691,0.000201888992884634,1.18564712381935,0.0174656339967838
"287","1555326_a_at","sensitive",0.603635908754177,6.45399451888063,0.000203572014821133,1.17737229823178,0.0175556780920275
"288","205452_at","sensitive",-0.620289291800941,-6.43724942625761,0.000207196801512615,1.15977609944955,0.0176656041177948
"289","241772_at","sensitive",0.896818209108638,6.43617634329349,0.000207431510628702,1.15864715969899,0.0176656041177948
"290","201260_s_at","sensitive",0.901335192541912,6.43190567097882,0.000208368525604004,1.15415261663796,0.0176724255988114
"291","212805_at","sensitive",0.770373574037252,6.43139315278991,0.000208481289643043,1.15361306318962,0.0176724255988114
"292","231874_at","sensitive",-0.732931903385318,-6.41929256977996,0.000211163345507265,1.14086365894002,0.0177440975006239
"293","229603_at","sensitive",-0.628834870296887,-6.41343552085658,0.000212475218008,1.13468530730526,0.0177440975006239
"294","218806_s_at","sensitive",-0.606444445139829,-6.38456526391258,0.000219074619105569,1.10416201862807,0.0179848420414369
"295","224810_s_at","sensitive",0.651517491650235,6.37869838930125,0.000220443221352195,1.09794511468665,0.0180075769320475
"296","204569_at","sensitive",-0.804920581750487,-6.36821038248932,0.000222913422055407,1.08681947510533,0.0180075769320475
"297","212300_at","sensitive",0.607582520953321,6.36649179264984,0.000223321103427713,1.08499494503387,0.0180075769320475
"298","218361_at","sensitive",0.730139706599479,6.36631005806096,0.000223364262374569,1.08480198366732,0.0180075769320475
"299","208502_s_at","sensitive",-0.600085424648909,-6.36543069952584,0.00022357322562394,1.08386823734903,0.0180075769320475
"300","1557543_at","sensitive",0.705801341250343,6.36379445396215,0.00022396262406148,1.08213050506319,0.0180075769320475
"301","218392_x_at","sensitive",0.705255285584972,6.36241327277781,0.000224291904722897,1.08066336773847,0.0180075769320475
"302","202234_s_at","sensitive",1.08161963377184,6.3397602443197,0.000229769529796837,1.05656268546919,0.0181116392721769
"303","216379_x_at","sensitive",-0.599413939911503,-6.334320797674,0.000231106710533601,1.05076498590651,0.0181548267218745
"304","205618_at","sensitive",-0.595417731685604,-6.25481947352919,0.000251663994819449,0.96555508836915,0.018734476850534
"305","213805_at","sensitive",-0.594380778007432,-6.23290084203853,0.000257681000224297,0.94190636642185,0.0189110183721657
"306","225969_at","sensitive",-0.642745734056571,-6.20880464438836,0.000264479656934981,0.915829865747598,0.0190709319919661
"307","229768_at","sensitive",0.644828311113161,6.20435486912314,0.000265756674422376,0.911005401149446,0.0190782271439527
"308","202165_at","sensitive",-0.608911768322142,-6.20088882628725,0.000266756090780225,0.907245558384687,0.0190931524202737
"309","203946_s_at","sensitive",-0.607444119606715,-6.17263920570843,0.000275058143848866,0.87653774632131,0.0193507785334071
"310","213506_at","sensitive",0.660854266470647,6.0845934499941,0.000302817344026264,0.780100085800077,0.0199716987751942
"311","205543_at","sensitive",-0.636290932940327,-6.07525949289727,0.000305936835325487,0.769811313377052,0.02005513277416
"312","1560814_a_at","sensitive",-0.621454690600992,-6.02671894774353,0.000322741474432202,0.716102747453239,0.0204135445456211
"313","212109_at","sensitive",0.939171235077169,6.02066758472113,0.000324906832343181,0.709383226128284,0.0204940180178426
"314","210675_s_at","sensitive",-0.684221401881322,-5.98938449709816,0.000336359296290653,0.674561323635138,0.0208508441323032
"315","87100_at","sensitive",0.632784555049888,5.97664424899188,0.000341150281551144,0.660339113194136,0.0209813179345431
"316","203358_s_at","sensitive",-1.23182757129867,-5.96410681712164,0.000345938513393146,0.646320232419551,0.0211805019258345
"317","243786_at","sensitive",0.777507506681993,5.92034015696905,0.000363243152052252,0.597202099364912,0.0213729194457591
"318","212806_at","sensitive",0.640174366805327,5.91862174926088,0.00036394176944159,0.595267858238524,0.0213729194457591
"319","243042_at","sensitive",0.607165994042137,5.91598334271201,0.000365017294255837,0.592297223115041,0.0213729194457591
"320","226806_s_at","sensitive",0.748241516417238,5.91529093994317,0.000365300126209347,0.591517463806607,0.0213729194457591
"321","1557637_at","sensitive",0.61727574694663,5.911940499552,0.000366672125105112,0.58774332405897,0.0213729194457591
"322","221949_at","sensitive",0.602113486355336,5.89993288171451,0.000371636043720912,0.574203682721822,0.0215702767414446
"323","226032_at","sensitive",0.585898396311598,5.8928997217084,0.000374577877254224,0.566263344900178,0.0215964438340631
"324","222826_at","sensitive",0.587409580739173,5.88275159863512,0.000378867940448093,0.554793441245957,0.021651004593477
"325","210024_s_at","sensitive",0.640856069017662,5.87867450799831,0.0003806067208811,0.550181047990583,0.021651004593477
"326","207126_x_at","sensitive",0.735783564722041,5.84205164760504,0.000396625493495999,0.508639928692778,0.0220829927259611
"327","210263_at","sensitive",-0.800483272831126,-5.8072593473881,0.000412533456481288,0.468991595498413,0.0223146226822836
"328","226580_at","sensitive",-0.649235805518058,-5.80707080229718,0.000412621555222474,0.468776246180605,0.0223146226822836
"329","226901_at","sensitive",-0.692106731950932,-5.79665319187797,0.00041752157241335,0.456869433812988,0.0224684960351377
"330","213701_at","sensitive",-0.756486778126201,-5.78606964843147,0.000422565301187878,0.444756464545347,0.0225008002211142
"331","208155_x_at","sensitive",-0.601903551991385,-5.77725157853995,0.000426818898273857,0.434651380787815,0.0225008002211142
"332","224368_s_at","sensitive",0.590907659881033,5.77261545190006,0.000429074120797562,0.42933396276682,0.0225008002211142
"333","225767_at","sensitive",0.84056081903417,5.76559686766764,0.000432513270113733,0.421277889412792,0.0226293426253286
"334","212888_at","sensitive",-0.707713644590991,-5.75648230639171,0.00043702481105106,0.410805057327353,0.0227058244580029
"335","207181_s_at","sensitive",0.638058520136995,5.75125988539411,0.00043963312977621,0.404798798851004,0.0227149814745358
"336","238722_x_at","sensitive",0.80307356847483,5.75059497318573,0.000439966445021187,0.40403379746236,0.0227149814745358
"337","224518_s_at","sensitive",0.845526919807186,5.74395858990223,0.000443308489827892,0.396394824599083,0.0228376167878673
"338","225880_at","sensitive",0.869069172484562,5.72574861959333,0.000452623255543815,0.375400000937145,0.0228376167878673
"339","228793_at","sensitive",0.615252844081114,5.72292041750484,0.00045408915780981,0.372134834153184,0.0228376167878673
"340","236650_at","sensitive",0.637760260484683,5.72245841120469,0.000454329118888224,0.371601332958905,0.0228376167878673
"341","228153_at","sensitive",-0.908419192413985,-5.72221615688112,0.000454454998906258,0.371321577320566,0.0228376167878673
"342","203240_at","sensitive",0.928558675341061,5.7017113896767,0.000465250011048431,0.347610797248707,0.0231202631096294
"343","243149_at","sensitive",0.744882433697908,5.69411601505674,0.000469320023003144,0.33881185976425,0.0232136488315721
"344","224976_at","sensitive",0.60799802075272,5.69366944483876,0.000469560535257225,0.338294256708028,0.0232136488315721
"345","204015_s_at","sensitive",-0.6923820324229,-5.59925019516904,0.000523591790300137,0.22818245961652,0.024239950156359
"346","230278_at","sensitive",0.669943766115823,5.59007679395142,0.000529195039274927,0.217412702603325,0.0243633267395687
"347","231950_at","sensitive",-0.607633274564974,-5.57568024635593,0.000538121964364146,0.200485162815329,0.0244977671953453
"348","206094_x_at","sensitive",0.820333314976878,5.5612509883094,0.00054723545843095,0.183487619368703,0.0247069353341967
"349","208935_s_at","sensitive",-0.97540092792659,-5.54831886407715,0.000555547579870461,0.168226820694355,0.0248578327458677
"350","225727_at","sensitive",0.905537805562804,5.54735417364039,0.000556173170340599,0.167087400714066,0.0248578327458677
"351","236938_at","sensitive",0.601270983396434,5.54676336395438,0.000556556685547132,0.16638951076774,0.0248578327458677
"352","223093_at","sensitive",-0.614807859331161,-5.5461124497793,0.000556979553014024,0.165620561352277,0.0248578327458677
"353","210230_at","sensitive",0.586812532540367,5.53319131618562,0.000565447243889857,0.150343002261384,0.0250983302970947
"354","201551_s_at","sensitive",0.678304730689254,5.51048801715417,0.000580670076609586,0.123437729341051,0.0253896876310793
"355","208711_s_at","sensitive",-0.773490643503215,-5.5072192361101,0.000582898655243925,0.119557484985549,0.0253896876310793
"356","225516_at","sensitive",0.691707950444182,5.49380003159365,0.000592146474360401,0.103610976778694,0.0253896876310793
"357","242932_at","sensitive",0.737146810115277,5.46973777622773,0.000609134952361768,0.0749480719151645,0.0256387663146079
"358","221805_at","sensitive",-0.655724325007936,-5.45502361331894,0.000619786653151254,0.0573769522247316,0.0258875746837623
"359","204485_s_at","sensitive",0.700750268036081,5.44457039963494,0.000627477981090787,0.0448739549079749,0.0260466990263556
"360","234276_at","sensitive",0.598304795436432,5.41886920098948,0.000646837669213811,0.0140617173907547,0.026392425047959
"361","202557_at","sensitive",-0.601520296307709,-5.4156532202249,0.00064930592123892,0.0101990555570266,0.0264339547607877
"362","225028_at","sensitive",-0.680393801241636,-5.41390109194454,0.000650655019600272,0.00809393424952631,0.0264691690451227
"363","242691_at","sensitive",0.809975486798124,5.41275757610427,0.000651537158761191,0.00671978524801897,0.0264853488143257
"364","222553_x_at","sensitive",-0.60792999100691,-5.40892639162867,0.000654502213837599,0.00211443309173021,0.0264877191277355
"365","224691_at","sensitive",0.861446146828253,5.39428779972828,0.000665968501006888,-0.0155029671134104,0.0268128334260321
"366","208651_x_at","sensitive",-0.738195948994724,-5.37106719474025,0.000684611595359115,-0.0435163923935429,0.0270413117152789
"367","1555790_a_at","sensitive",0.610509522373204,5.37059437535794,0.000684997105178991,-0.0440876664338843,0.0270413117152789
"368","239923_at","sensitive",0.729380605728547,5.36914505944029,0.000686180278349898,-0.0458389865236288,0.0270684752660755
"369","209989_at","sensitive",0.700621334137434,5.35294688890768,0.000699557514372537,-0.0654345261225693,0.0272550250642359
"370","208650_s_at","sensitive",-0.744285790586325,-5.33389780039569,0.000715656237344189,-0.088530745493518,0.027370503184512
"371","201634_s_at","sensitive",0.598426569755074,5.32253844545951,0.000725449261131306,-0.102330171194336,0.0275252868510438
"372","231819_at","sensitive",-0.62944781855334,-5.31523356957894,0.000731824432404635,-0.111214728270647,0.0276903120011927
"373","209882_at","sensitive",-0.700259769483012,-5.29640531695104,0.0007485412929908,-0.134152669556589,0.0279247917394298
"374","212957_s_at","sensitive",-0.6053416132704,-5.28260466553783,0.000761060069703225,-0.151000496622649,0.0280586374315737
"375","1561166_a_at","sensitive",0.617430289731469,5.25545516093646,0.000786362738895295,-0.18423080337532,0.0283978749994057
"376","214306_at","sensitive",0.637688125061948,5.24142171770922,0.000799801708625258,-0.201452245261911,0.0285438370881762
"377","240271_at","sensitive",0.729959123713424,5.23833351555473,0.000802792739577632,-0.205246106927921,0.0285900987107412
"378","238030_at","sensitive",0.917503498488334,5.23446421323834,0.000806557596888959,-0.210001643814046,0.0286913055366974
"379","224484_s_at","sensitive",-0.65908272831821,-5.17787785303262,0.000863883520225503,-0.27981487364886,0.0294836650863479
"380","235003_at","sensitive",1.10585609842555,5.17000058382996,0.000872211426370035,-0.289572987183279,0.0296199749917898
"381","203049_s_at","sensitive",0.63744875193177,5.1286815225009,0.000917358266425718,-0.340916374335556,0.0305142951491908
"382","209656_s_at","sensitive",-0.640750836270066,-5.12561506669296,0.000920809314491821,-0.344737406163723,0.0305493017414079
"383","210145_at","sensitive",-0.898024557858596,-5.12014033620991,0.000927006049250591,-0.351562981914629,0.0306659015264969
"384","228324_at","sensitive",0.604222275741835,5.11700083431313,0.000930580157729359,-0.355479244468554,0.0307057755726329
"385","206653_at","sensitive",0.711827378602096,5.11285402573677,0.000935324140275803,-0.360654399070619,0.0307861306049793
"386","212733_at","sensitive",0.686493068001421,5.10580257532137,0.00094345190884599,-0.369460677855954,0.0308217774795373
"387","225597_at","sensitive",-0.614067886431503,-5.04911117759289,0.0010116747577592,-0.440543167434033,0.0317710036648386
"388","226537_at","sensitive",0.649880965996798,5.03789045806748,0.00102580720576716,-0.454671958563774,0.0319943006134168
"389","201701_s_at","sensitive",-0.713660232688224,-5.01238594574626,0.00105873930964599,-0.48685992126823,0.0323931571096218
"390","242019_at","sensitive",-0.614208358735516,-4.99341160452661,0.00108398869498111,-0.510872700110156,0.0327124251231132
"391","207086_x_at","sensitive",-0.588670530706285,-4.98149802778727,0.00110017798553461,-0.525978688724365,0.0329522593745927
"392","239519_at","sensitive",0.705475713923012,4.9521482400064,0.00114119920729512,-0.563288279664939,0.0336542970112516
"393","215125_s_at","sensitive",0.957016594582539,4.94220081322428,0.0011554790050602,-0.575964206681158,0.0338475666942347
"394","231867_at","sensitive",0.586594880794851,4.91761262745213,0.00119162007867156,-0.607363473835762,0.0344020043441243
"395","242110_at","sensitive",0.753601196731349,4.91197988445488,0.0012000719627652,-0.614569902850728,0.0344725790915718
"396","239714_at","sensitive",0.641693546328938,4.89644127590202,0.00122372857619585,-0.634475580589587,0.0346237142919366
"397","213793_s_at","sensitive",-0.604802948367968,-4.88487626085791,0.00124166587120145,-0.649315547782349,0.0346898730239852
"398","225785_at","sensitive",0.916772685687883,4.81717572493012,0.00135259484433369,-0.736609384518931,0.0359694178569769
"399","239343_at","sensitive",-0.627214370509787,-4.80041207467351,0.00138170195047315,-0.758335983130576,0.0362218338745375
"400","214860_at","sensitive",-0.609020384242581,-4.78503588086041,0.00140900097406178,-0.778303224208093,0.0366701472408485
"401","266_s_at","sensitive",-0.755105430375533,-4.78496605292648,0.00140912627989067,-0.778393986278807,0.0366701472408485
"402","224893_at","sensitive",0.660553780057829,4.77146722615914,0.00143357944457899,-0.795954107864149,0.036985406386062
"403","238273_at","sensitive",-0.676686403846916,-4.77045618151054,0.00143542947800714,-0.797270491545023,0.036985406386062
"404","1552766_at","sensitive",-0.636683073389986,-4.75148580868719,0.00147062856023047,-0.821999778745997,0.0373907491820018
"405","213056_at","sensitive",-0.585712719036942,-4.74088259527681,0.00149071133319882,-0.835846497612624,0.0375943921322166
"406","225411_at","sensitive",0.668842119063966,4.73980241294952,0.00149277393112341,-0.83725809758461,0.0376290524131731
"407","227121_at","sensitive",0.597719604063301,4.67501618335878,0.00162235161728428,-0.922256918707149,0.0390758038215939
"408","1562836_at","sensitive",-0.767465497849901,-4.66004475776014,0.00165400580372159,-0.941992969564185,0.039473054263849
"409","209854_s_at","sensitive",0.661238367804222,4.63427153563794,0.00171008348154587,-0.976050778270096,0.0400381642757789
"410","241580_at","sensitive",-0.625822657187507,-4.61841447233551,0.00174561068545511,-0.997056666574976,0.0403061138605711
"411","203650_at","sensitive",-0.643365467794338,-4.58790977792307,0.00181623302416579,-1.03757695699989,0.041119064429095
"412","219012_s_at","sensitive",-0.615903702843231,-4.54942494160577,0.0019097937805462,-1.08890493711251,0.0419012740575296
"413","205660_at","sensitive",-1.24928995616081,-4.50837526898126,0.00201539281733684,-1.14390821008202,0.0429577750206615
"414","215245_x_at","sensitive",-0.59419175952161,-4.48161992514427,0.00208762276660759,-1.17989931335388,0.0435893463475811
"415","209702_at","sensitive",-0.806198020062888,-4.47890724553224,0.00209510141336671,-1.18355459689563,0.0436712427662314
"416","213548_s_at","sensitive",0.641641079731771,4.45610913769044,0.00215911492381717,-1.21431969463919,0.0442930334678344
"417","1553678_a_at","sensitive",0.597474171676118,4.43859812242215,0.00220972331998841,-1.23800473190127,0.0447664710051206
"418","226671_at","sensitive",1.07660980762145,4.43544474209866,0.00221897280023853,-1.24227496759352,0.0447940128804893
"419","204070_at","sensitive",-0.756462208577224,-4.42958297109804,0.00223627825455542,-1.25021692694144,0.0449684338935073
"420","206214_at","sensitive",-0.741312044003708,-4.42715599694575,0.00224348608987517,-1.25350672402345,0.0449709695727799
"421","226757_at","sensitive",-1.01188497740362,-4.42209814246283,0.00225858840415602,-1.26036563835062,0.0451146820087585
"422","229413_s_at","sensitive",0.612701928128443,4.40978485194705,0.00229581751308743,-1.27708009066136,0.0453482017803667
"423","206061_s_at","sensitive",-0.845632986493506,-4.40303585263264,0.0023165047940165,-1.28625131416916,0.0455429340571205
"424","205583_s_at","sensitive",-0.921221746960635,-4.40099881799569,0.00232278840838365,-1.2890208216805,0.0456172615762845
"425","232145_at","sensitive",-0.680272772313439,-4.38427177087785,0.00237509009540146,-1.31178670235789,0.0460163185563695
"426","210687_at","sensitive",0.643337697658883,4.38027712144046,0.00238776829771807,-1.31722987365232,0.0461343150948234
"427","207242_s_at","sensitive",0.694989962919755,4.34165934578981,0.0025141832499524,-1.36997731021174,0.0472706221427605
"428","1552701_a_at","sensitive",0.627295599152876,4.30531101063578,0.00263980946281984,-1.41983334877148,0.0484377535882155
"429","211600_at","sensitive",-0.590990366027614,-4.28281889991006,0.0027209368325584,-1.45078472546467,0.0489619676487485
"430","219848_s_at","sensitive",-0.825014282378025,-4.26407165157944,0.00279061823926324,-1.47664146380562,0.0496508468049845
"431","227062_at","sensitive",0.873600110185671,4.25998042119224,0.00280607991514896,-1.4822912792544,0.0497963061865528
